<?xml version="1.0" encoding="UTF-8" standalone="yes"?>
<addon id="repository.hadyanadam" name="Hadyanadam Repository" version="1.0.0" provider-name="hadyanadam">
    <extension point="xbmc.addon.repository" name="Example Repository">
        <dir>
            <info compressed="false">https://raw.githubusercontent.com/hadyanadam/repository.hadyanadam/master/zips/addons.xml</info>
            <checksum>https://raw.githubusercontent.com/hadyanadam/repository.hadyanadam/master/zips/addons.xml.md5</checksum>
            <datadir zip="true">https://raw.githubusercontent.com/hadyanadam/repository.hadyanadam/master/zips/</datadir>
        </dir>
    </extension>
    <extension point="xbmc.addon.metadata">
        <summary>Hadyanadam Repository</summary>
        <description>Hadyanadam Repository</description>
        <disclaimer>Unofficial Kodi Repo</disclaimer>
        <platform>all</platform>
        <assets>
            <icon>icon.png</icon>
            <fanart>fanart.jpg</fanart>
        </assets>
    </extension>
</addon>